<<<<<<< HEAD
<BackupInst xmlns="http://www.microsoft.com/GroupPolicy/GPOOperations/Manifest"><GPOGuid><![CDATA[{FACCA114-6E57-4027-AB08-D891F66A4A24}]]></GPOGuid><GPODomain><![CDATA[contoso.test]]></GPODomain><GPODomainGuid><![CDATA[{8d345ac4-636f-4d69-8650-335cb5d903a9}]]></GPODomainGuid><GPODomainController><![CDATA[DC01.contoso.test]]></GPODomainController><BackupTime><![CDATA[2020-05-01T01:00:55]]></BackupTime><ID><![CDATA[{07BDCD6A-3F72-473C-82B9-67BB69DBE54D}]]></ID><Comment><![CDATA[Backup GPO created by LGPO.exe]]></Comment><GPODisplayName><![CDATA[Local Policy Export]]></GPODisplayName></BackupInst>
=======
<BackupInst xmlns="http://www.microsoft.com/GroupPolicy/GPOOperations/Manifest"><GPOGuid><![CDATA[{FACCA114-6E57-4027-AB08-D891F66A4A24}]]></GPOGuid><GPODomain><![CDATA[contoso.test]]></GPODomain><GPODomainGuid><![CDATA[{8d345ac4-636f-4d69-8650-335cb5d903a9}]]></GPODomainGuid><GPODomainController><![CDATA[DC01.contoso.test]]></GPODomainController><BackupTime><![CDATA[2020-04-14T22:29:41]]></BackupTime><ID><![CDATA[{07BDCD6A-3F72-473C-82B9-67BB69DBE54D}]]></ID><Comment><![CDATA[Backup GPO created by LGPO.exe]]></Comment><GPODisplayName><![CDATA[Local Policy Export]]></GPODisplayName></BackupInst>
>>>>>>> 8e5c1c3fc0099159fdea4a8724cdf73a07d0e6d0
